{
    "name": "root",
    "gauges": {
        "Agent.Policy.Entropy.mean": {
            "value": 3.021777391433716,
            "min": 2.342912197113037,
            "max": 3.10878849029541,
            "count": 59
        },
        "Agent.Policy.Entropy.sum": {
            "value": 152950.28125,
            "min": 42687.484375,
            "max": 155238.90625,
            "count": 59
        },
        "Agent.Step.mean": {
            "value": 3099964.0,
            "min": 199978.0,
            "max": 3099964.0,
            "count": 59
        },
        "Agent.Step.sum": {
            "value": 3099964.0,
            "min": 199978.0,
            "max": 3099964.0,
            "count": 59
        },
        "Agent.Policy.ExtrinsicValueEstimate.mean": {
            "value": -0.019578179344534874,
            "min": -0.029122069478034973,
            "max": -0.004797579254955053,
            "count": 59
        },
        "Agent.Policy.ExtrinsicValueEstimate.sum": {
            "value": -15.486339569091797,
            "min": -23.00643539428711,
            "max": -1.910377025604248,
            "count": 59
        },
        "Agent.Policy.GailValueEstimate.mean": {
            "value": 0.01046032179147005,
            "min": 0.0022024435456842184,
            "max": 0.08289889991283417,
            "count": 59
        },
        "Agent.Policy.GailValueEstimate.sum": {
            "value": 8.274114608764648,
            "min": 1.7377278804779053,
            "max": 65.07563781738281,
            "count": 59
        },
        "Agent.IsTraining.mean": {
            "value": 1.0,
            "min": 1.0,
            "max": 1.0,
            "count": 59
        },
        "Agent.IsTraining.sum": {
            "value": 1.0,
            "min": 1.0,
            "max": 1.0,
            "count": 59
        },
        "Agent.Losses.PolicyLoss.mean": {
            "value": 0.038245764419657255,
            "min": 0.036151841794158895,
            "max": 0.04529738827676435,
            "count": 58
        },
        "Agent.Losses.PolicyLoss.sum": {
            "value": 0.07649152883931451,
            "min": 0.036151841794158895,
            "max": 0.0905947765535287,
            "count": 58
        },
        "Agent.Losses.ValueLoss.mean": {
            "value": 0.0006534451495931564,
            "min": 0.00025096503821562995,
            "max": 0.006824619670903,
            "count": 58
        },
        "Agent.Losses.ValueLoss.sum": {
            "value": 0.0013068902991863129,
            "min": 0.0005019300764312599,
            "max": 0.013649239341806,
            "count": 58
        },
        "Agent.Policy.LearningRate.mean": {
            "value": 0.00014598530133825,
            "min": 0.00014598530133825,
            "max": 0.00028876910374363323,
            "count": 58
        },
        "Agent.Policy.LearningRate.sum": {
            "value": 0.0002919706026765,
            "min": 0.00016870144376620003,
            "max": 0.0005775382074872665,
            "count": 58
        },
        "Agent.Policy.Epsilon.mean": {
            "value": 0.14866174999999998,
            "min": 0.14866174999999998,
            "max": 0.19625636666666668,
            "count": 58
        },
        "Agent.Policy.Epsilon.sum": {
            "value": 0.29732349999999996,
            "min": 0.15623380000000003,
            "max": 0.39251273333333336,
            "count": 58
        },
        "Agent.Policy.Beta.mean": {
            "value": 0.00024844257500000006,
            "min": 0.00024844257500000006,
            "max": 0.0004816561966666667,
            "count": 58
        },
        "Agent.Policy.Beta.sum": {
            "value": 0.0004968851500000001,
            "min": 0.0002855456200000001,
            "max": 0.0009633123933333334,
            "count": 58
        },
        "Agent.Policy.GAILPolicyEstimate.mean": {
            "value": 0.0011417446352004466,
            "min": 0.00015055726501647844,
            "max": 0.006460603808484259,
            "count": 58
        },
        "Agent.Policy.GAILPolicyEstimate.sum": {
            "value": 0.002283489270400893,
            "min": 0.0003011145300329569,
            "max": 0.012921207616968518,
            "count": 58
        },
        "Agent.Policy.GAILExpertEstimate.mean": {
            "value": 1.0,
            "min": 0.9995933561523755,
            "max": 1.0,
            "count": 58
        },
        "Agent.Policy.GAILExpertEstimate.sum": {
            "value": 2.0,
            "min": 0.9999908848603567,
            "max": 2.0,
            "count": 58
        },
        "Agent.Losses.GAILLoss.mean": {
            "value": 0.0012469257592243636,
            "min": 0.0001555904191023198,
            "max": 0.007514824415032076,
            "count": 58
        },
        "Agent.Losses.GAILLoss.sum": {
            "value": 0.002493851518448727,
            "min": 0.0003111808382046396,
            "max": 0.015029648830064152,
            "count": 58
        },
        "Agent.Policy.GAILGradMagLoss.mean": {
            "value": 0.0022125758180848256,
            "min": 0.0007122875262211893,
            "max": 0.03614005421775801,
            "count": 58
        },
        "Agent.Policy.GAILGradMagLoss.sum": {
            "value": 0.004425151636169651,
            "min": 0.0014245750524423785,
            "max": 0.07228010843551602,
            "count": 58
        },
        "Agent.Losses.PretrainingLoss.mean": {
            "value": 0.0015983278087029853,
            "min": 0.0014260373233507078,
            "max": 0.03665956233938535,
            "count": 58
        },
        "Agent.Losses.PretrainingLoss.sum": {
            "value": 0.0031966556174059706,
            "min": 0.0017624630127102137,
            "max": 0.07176477275788784,
            "count": 58
        },
        "Agent.Environment.EpisodeLength.mean": {
            "value": 1202.0,
            "min": 1202.0,
            "max": 1203.0,
            "count": 58
        },
        "Agent.Environment.EpisodeLength.sum": {
            "value": 57696.0,
            "min": 2404.0,
            "max": 60150.0,
            "count": 58
        },
        "Agent.Environment.CumulativeReward.mean": {
            "value": -0.27942288646105834,
            "min": -0.47304998701438306,
            "max": -0.15242854479168141,
            "count": 58
        },
        "Agent.Environment.CumulativeReward.sum": {
            "value": -13.4122985501308,
            "min": -14.051998333074152,
            "max": -0.4371999835129827,
            "count": 58
        },
        "Agent.Policy.ExtrinsicReward.mean": {
            "value": -0.27942288646105834,
            "min": -0.47304998701438306,
            "max": -0.15242854479168141,
            "count": 58
        },
        "Agent.Policy.ExtrinsicReward.sum": {
            "value": -13.4122985501308,
            "min": -14.051998333074152,
            "max": -0.4371999835129827,
            "count": 58
        },
        "Agent.Policy.GailReward.mean": {
            "value": 3.7062680294497006,
            "min": 0.0007197947008990013,
            "max": 14.153136905515492,
            "count": 58
        },
        "Agent.Policy.GailReward.sum": {
            "value": 177.90086541358562,
            "min": 0.0014395894017980027,
            "max": 651.0442976537126,
            "count": 58
        }
    },
    "metadata": {
        "timer_format_version": "0.1.0",
        "start_time_seconds": "1701115774",
        "python_version": "3.8.10 (tags/v3.8.10:3d8993a, May  3 2021, 11:48:03) [MSC v.1928 64 bit (AMD64)]",
        "command_line_arguments": "C:\\Users\\pedro\\AppData\\Local\\Programs\\Python\\Python38\\Scripts\\mlagents-learn config/agent_config.yaml --run-id=GailShort2 --env=Build/Final Project Testing V2 --num-envs=25 --no-graphics --resume",
        "mlagents_version": "0.28.0",
        "mlagents_envs_version": "0.28.0",
        "communication_protocol_version": "1.5.0",